,date,close,log return
7343,2021-01-04,3502.958,0.0
7344,2021-01-05,3528.677,0.007315258739015137
7345,2021-01-06,3550.877,0.006271602071539675
7346,2021-01-07,3576.205,0.007107567059150945
7347,2021-01-08,3570.108,-0.001706334855281139
7348,2021-01-11,3531.498,-0.010873703899710093
7349,2021-01-12,3608.339,0.021525412122917358
7350,2021-01-13,3598.652,-0.002688224762215896
7351,2021-01-14,3565.905,-0.009141452303259544
7352,2021-01-15,3566.378,0.00013263635239746458
7353,2021-01-18,3596.224,0.00833389115933883
7354,2021-01-19,3566.381,-0.008333049970116154
7355,2021-01-20,3583.092,0.004674758666163416
7356,2021-01-21,3621.264,0.010597021361978503
7357,2021-01-22,3606.75,-0.004016046318551784
7358,2021-01-25,3624.238,0.0048369694697754
7359,2021-01-26,3569.429,-0.015238420291965335
7360,2021-01-27,3573.341,0.001095373473078036
7361,2021-01-28,3505.176,-0.01926027928873044
7362,2021-01-29,3483.069,-0.006326931510080989
7363,2021-02-01,3505.284,0.006357742612350714
7364,2021-02-02,3533.685,0.008069691491013886
7365,2021-02-03,3517.308,-0.004645311504299925
7366,2021-02-04,3501.859,-0.004401953948814823
7367,2021-02-05,3496.333,-0.0015792653726915073
7368,2021-02-08,3532.447,0.010276126952041375
7369,2021-02-09,3603.489,0.0199117108645168
7370,2021-02-10,3655.088,0.014217626729354615
7371,2021-02-18,3675.357,0.005530101284588783
7372,2021-02-19,3696.168,0.005646336487984744
7373,2021-02-22,3642.445,-0.01464144783820253
7374,2021-02-23,3636.357,-0.0016728031397628537
7375,2021-02-24,3564.08,-0.020076400268147356
7376,2021-02-25,3585.046,0.005865349164794104
7377,2021-02-26,3509.08,-0.02141741035125494
7378,2021-03-01,3551.4,0.011987997083305215
7379,2021-03-02,3508.591,-0.012127359558631104
7380,2021-03-03,3576.905,0.019283368971596684
7381,2021-03-04,3503.492,-0.020737715960573087
7382,2021-03-05,3501.987,-0.00042966370269709403
7383,2021-03-08,3421.414,-0.023276605772401926
7384,2021-03-09,3359.292,-0.01832367843386622
7385,2021-03-10,3357.737,-0.00046300232670685445
7386,2021-03-11,3436.831,0.023282590710978237
7387,2021-03-12,3453.078,0.00471618133542816
7388,2021-03-15,3419.946,-0.009641245729549403
7389,2021-03-16,3446.733,0.007802064398772816
7390,2021-03-17,3445.551,-0.00034299225382702746
7391,2021-03-18,3463.068,0.005071067760001923
7392,2021-03-19,3404.663,-0.01700893877756117
7393,2021-03-22,3443.439,0.011324718707520184
7394,2021-03-23,3411.509,-0.009315965905502342
7395,2021-03-24,3367.061,-0.013114458372635529
7396,2021-03-25,3363.592,-0.001030806463256712
7397,2021-03-26,3418.327,0.016141799530077477
7398,2021-03-29,3435.296,0.004951843623256364
7399,2021-03-30,3456.677,0.006204629238315885
7400,2021-03-31,3441.912,-0.004280592029904661
7401,2021-04-01,3466.332,0.00706984342610998
7402,2021-04-02,3484.392,0.005196592654770128
7403,2021-04-06,3482.967,-0.0004090502642017737
7404,2021-04-07,3479.626,-0.0009597000015449235
7405,2021-04-08,3482.555,0.0008414030525205847
7406,2021-04-09,3450.677,-0.009195776122717138
7407,2021-04-12,3412.948,-0.010994009730742816
7408,2021-04-13,3396.47,-0.004839776957230724
7409,2021-04-14,3416.721,0.005944662240494261
7410,2021-04-15,3398.988,-0.005203578971274951
7411,2021-04-16,3426.618,0.008096028665810365
7412,2021-04-19,3477.549,0.014753966375079556
7413,2021-04-20,3472.943,-0.0013253739948905644
7414,2021-04-21,3472.93,-3.7432299727997718e-06
7415,2021-04-22,3465.114,-0.0022530855400814754
7416,2021-04-23,3474.166,0.002608917678587032
7417,2021-04-26,3441.166,-0.009544082770223804
7418,2021-04-27,3442.611,0.00041982766763767166
7419,2021-04-28,3457.068,0.004190635870777656
7420,2021-04-29,3474.901,0.005145158421958946
7421,2021-04-30,3446.856,-0.008103478197106505
7422,2021-05-06,3441.283,-0.0016181442378049456
7423,2021-05-07,3418.874,-0.00653310987026505
7424,2021-05-10,3427.991,0.0026631181973932796
7425,2021-05-11,3441.845,0.0040332895227006655
7426,2021-05-12,3462.751,0.006055695043627696
7427,2021-05-13,3429.536,-0.009638384801678205
7428,2021-05-14,3490.376,0.017584491741708463
7429,2021-05-17,3517.616,0.007774020629079471
7430,2021-05-18,3529.014,0.0032350243848103645
7431,2021-05-19,3510.965,-0.005127583348049349
7432,2021-05-20,3506.944,-0.0011459255000351666
7433,2021-05-21,3486.557,-0.0058302866475473765
7434,2021-05-24,3497.282,0.0030713790598760997
7435,2021-05-25,3581.342,0.023751495126216004
7436,2021-05-26,3593.357,0.003349272556701317
7437,2021-05-27,3608.851,0.004302576071748457
7438,2021-05-28,3600.784,-0.002237839603968266
7439,2021-05-31,3615.477,0.004072197583829754
7440,2021-06-01,3624.714,0.0025515915288833223
7441,2021-06-02,3597.138,-0.00763685936043958
7442,2021-06-03,3584.212,-0.0035998841329773325
7443,2021-06-04,3591.845,0.0021273529122407537
7444,2021-06-07,3599.541,0.0021403392720073153
7445,2021-06-08,3580.106,-0.005413928420427837
7446,2021-06-09,3591.397,0.00314885438364997
7447,2021-06-10,3610.859,0.005404430881179257
7448,2021-06-11,3589.748,-0.005863689127317798
7449,2021-06-15,3556.559,-0.009288500653044913
7450,2021-06-16,3518.329,-0.010807343409641802
7451,2021-06-17,3525.604,0.0020656081160081207
7452,2021-06-18,3525.097,-0.0001438154875305703
7453,2021-06-21,3529.183,0.0011584457824044053
7454,2021-06-22,3557.412,0.007966914805149885
7455,2021-06-23,3566.22,0.002472897108826344
7456,2021-06-24,3566.654,0.00012169007907221694
7457,2021-06-25,3607.562,0.011404296543815173
7458,2021-06-28,3606.372,-0.0003299170773654763
7459,2021-06-29,3573.178,-0.00924688497758681
7460,2021-06-30,3591.197,0.005030177229436244
7461,2021-07-01,3588.782,-0.0006727039427474399
7462,2021-07-02,3518.76,-0.019704214347006848
7463,2021-07-05,3534.322,0.0044128298106597165
7464,2021-07-06,3530.259,-0.001150245272286491
7465,2021-07-07,3553.716,0.006622577220387451
7466,2021-07-08,3525.504,-0.007970411811728077
7467,2021-07-09,3524.088,-0.00040172538184989607
7468,2021-07-12,3547.836,0.006716160769352347
7469,2021-07-13,3566.523,0.005253331459987821
7470,2021-07-14,3528.501,-0.010718036749388564
7471,2021-07-15,3564.59,0.010175905374568648
7472,2021-07-16,3539.304,-0.007118942593944479
7473,2021-07-19,3539.123,-5.1141305840832305e-05
7474,2021-07-20,3536.791,-0.0006591374865297376
7475,2021-07-21,3562.661,0.00728791870254521
7476,2021-07-22,3574.734,0.0033830302272787522
7477,2021-07-23,3550.396,-0.006831621221392776
7478,2021-07-26,3467.441,-0.023642288640439834
7479,2021-07-27,3381.183,-0.0251912096622839
7480,2021-07-28,3361.59,-0.005811571928958249
7481,2021-07-29,3411.724,0.014803659054288158
7482,2021-07-30,3397.357,-0.004219958999073906
7483,2021-08-02,3464.285,0.019508485757119356
7484,2021-08-03,3447.991,-0.004714519553367216
7485,2021-08-04,3477.219,0.008441093785191285
7486,2021-08-05,3466.549,-0.0030732617789427127
7487,2021-08-06,3458.228,-0.002403255441994006
7488,2021-08-09,3494.635,0.010472616171581194
7489,2021-08-10,3529.931,0.010049388686896758
7490,2021-08-11,3532.621,0.0007617643395985549
7491,2021-08-12,3524.737,-0.002234264799859657
7492,2021-08-13,3516.299,-0.002396807526469619
7493,2021-08-16,3517.345,0.0002974276229251637
7494,2021-08-17,3446.976,-0.020209118713813957
7495,2021-08-18,3485.286,0.011052781908051772
7496,2021-08-19,3465.555,-0.005677313866699391
7497,2021-08-20,3427.334,-0.011090093495818557
7498,2021-08-23,3477.132,0.01442511658711255
7499,2021-08-24,3514.471,0.010681200003417999
7500,2021-08-25,3540.384,0.007346179768612294
7501,2021-08-26,3501.664,-0.010996911752571526
7502,2021-08-27,3522.157,0.005835301938968255
7503,2021-08-30,3528.151,0.0017003516567367619
7504,2021-08-31,3543.94,0.0044651648948003195
7505,2021-09-01,3567.101,0.006514118509679929
7506,2021-09-02,3597.043,0.00835889796185671
7507,2021-09-03,3581.734,-0.004265078357225892
7508,2021-09-06,3621.859,0.01114038924358378
7509,2021-09-07,3676.587,0.014997446250004556
7510,2021-09-08,3675.187,-0.0003808604608691578
7511,2021-09-09,3693.13,0.004870321259891455
7512,2021-09-10,3703.11,0.002698670150476132
7513,2021-09-13,3715.372,0.003305800611747018
7514,2021-09-14,3662.602,-0.014304983961353197
7515,2021-09-15,3656.223,-0.0017431764293593798
7516,2021-09-16,3607.092,-0.013528739798615994
7517,2021-09-17,3613.966,0.0019038767106912915
7518,2021-09-22,3628.49,0.004010799505039967
7519,2021-09-23,3642.22,0.0037768020786572583
7520,2021-09-24,3613.067,-0.008036389711449545
7521,2021-09-27,3582.831,-0.008403726107633272
7522,2021-09-28,3602.218,0.00539649682257765
7523,2021-09-29,3536.294,-0.018470480739205878
7524,2021-09-30,3568.167,0.008972732439741525
7525,2021-10-08,3592.167,0.00670362300894228
7526,2021-10-11,3591.709,-0.0001275077689593964
7527,2021-10-12,3546.936,-0.012544001583436068
7528,2021-10-13,3561.762,0.004171234028143377
7529,2021-10-14,3558.28,-0.0009780841960166714
7530,2021-10-15,3572.366,0.0039508393271839954
7531,2021-10-18,3568.138,-0.0011842302711721495
7532,2021-10-19,3593.153,0.006986198924781853
7533,2021-10-20,3587.001,-0.0017136126900423039
7534,2021-10-21,3594.783,0.0021671504032162803
7535,2021-10-22,3582.604,-0.00339371743201697
7536,2021-10-25,3609.863,0.007579911180354951
7537,2021-10-26,3597.638,-0.003392302470296784
7538,2021-10-27,3562.305,-0.009869711761315784
7539,2021-10-28,3518.417,-0.012396634706160346
7540,2021-10-29,3547.336,0.00818572669579275
7541,2021-11-01,3544.48,-0.0008054354919519832
7542,2021-11-02,3505.628,-0.011021786704613531
7543,2021-11-03,3498.537,-0.002024795938599213
7544,2021-11-04,3526.866,0.008064776794865369
7545,2021-11-05,3491.568,-0.010058738919610169
7546,2021-11-08,3498.631,0.002020830137633865
7547,2021-11-09,3507.002,0.002389792323969406
7548,2021-11-10,3492.462,-0.004154609814211149
7549,2021-11-11,3532.786,0.01147986315875077
7550,2021-11-12,3539.1,0.0017856627433559204
7551,2021-11-15,3533.303,-0.0016393300263685398
7552,2021-11-16,3521.787,-0.00326459626389764
7553,2021-11-17,3537.366,0.004413851149735746
7554,2021-11-18,3520.711,-0.004719424543827547
7555,2021-11-19,3560.373,0.011202356806880406
7556,2021-11-22,3582.08,0.006078322624511294
7557,2021-11-23,3589.089,0.0019547725710720907
7558,2021-11-24,3592.703,0.0010064341337244953
7559,2021-11-25,3584.179,-0.0023754059236568217
7560,2021-11-26,3564.089,-0.0056209568235351115
7561,2021-11-29,3562.697,-0.00039063892691636426
7562,2021-11-30,3563.887,0.000333960846054716
7563,2021-12-01,3576.885,0.0036405067562773506
7564,2021-12-02,3573.836,-0.0008527811908138812
7565,2021-12-03,3607.432,0.009356633146373201
7566,2021-12-06,3589.306,-0.005037292820133911
7567,2021-12-07,3595.088,0.0016096002664497439
7568,2021-12-08,3637.568,0.011746857165254065
7569,2021-12-09,3673.041,0.009704602831711987
7570,2021-12-10,3666.348,-0.0018238580501270642
7571,2021-12-13,3681.082,0.0040106594415112995
7572,2021-12-14,3661.525,-0.0053270034055580015
7573,2021-12-15,3647.63,-0.0038020856689102663
7574,2021-12-16,3675.016,0.007479844767238169
7575,2021-12-17,3632.364,-0.011673810415170207
7576,2021-12-20,3593.602,-0.01072863387484797
7577,2021-12-21,3625.125,0.008733728363941214
7578,2021-12-22,3622.618,-0.000691801599473197
7579,2021-12-23,3643.339,0.00570360000010049
7580,2021-12-24,3618.054,-0.006964256636513938
7581,2021-12-27,3615.974,-0.0005750599962621227
7582,2021-12-28,3630.112,0.0039022495566818764
7583,2021-12-29,3597.0,-0.009163337081788165
7584,2021-12-30,3619.189,0.006149802875846767
7585,2021-12-31,3639.775,0.0056718989619887515
7586,2022-01-04,3632.329,-0.00204782621429057
7587,2022-01-05,3595.176,-0.01028109347780902
7588,2022-01-06,3586.079,-0.0025335418018189075
7589,2022-01-07,3579.543,-0.0018242664244980085
7590,2022-01-10,3593.519,0.0038968066038120755
7591,2022-01-11,3567.441,-0.007283413196632208
7592,2022-01-12,3597.432,0.008371725545366205
7593,2022-01-13,3555.259,-0.011792341850439527
7594,2022-01-14,3521.256,-0.009610171587656823
7595,2022-01-17,3541.666,0.005779493759703447
7596,2022-01-18,3569.914,0.007944267958474457
7597,2022-01-19,3558.18,-0.003292327682307791
7598,2022-01-20,3555.063,-0.0008763935660584019
7599,2022-01-21,3522.568,-0.0091825155415417
7600,2022-01-24,3524.105,0.0004362342411443791
7601,2022-01-25,3433.061,-0.02617422028366747
7602,2022-01-26,3455.668,0.00656349847937208
7603,2022-01-27,3394.247,-0.01793384186229516
7604,2022-01-28,3361.44,-0.009712486056999073
7605,2022-02-07,3429.581,0.020068642688438994
7606,2022-02-08,3452.629,0.006697873550485195
7607,2022-02-09,3479.946,0.007880806592505517
7608,2022-02-10,3485.907,0.001711492176215271
7609,2022-02-11,3462.948,-0.006608019175463033
7610,2022-02-14,3428.882,-0.009885988901819088
7611,2022-02-15,3446.089,0.005005704294532526
7612,2022-02-16,3465.831,0.0057124659097582695
7613,2022-02-17,3468.035,0.000635720411737582
7614,2022-02-18,3490.757,0.00653046699830533
7615,2022-02-21,3490.612,-4.153913079827376e-05
7616,2022-02-22,3457.146,-0.009633685809255606
7617,2022-02-23,3489.147,0.009213900535433585
7618,2022-02-24,3429.956,-0.017109860626025805
7619,2022-02-25,3451.406,0.006234251147586366
7620,2022-02-28,3462.306,0.0031531568080967994
7621,2022-03-01,3488.835,0.007633028535912976
7622,2022-03-02,3484.192,-0.0013317030569853809
7623,2022-03-03,3481.113,-0.0008840963031919724
7624,2022-03-04,3447.649,-0.009659520762837338
7625,2022-03-07,3372.855,-0.02193298275792127
7626,2022-03-08,3293.53,-0.02379962880999919
7627,2022-03-09,3256.388,-0.011341332247972746
7628,2022-03-10,3296.092,0.01211891861911522
7629,2022-03-11,3309.747,0.004134227143312798
7630,2022-03-14,3223.533,-0.026393788386526975
7631,2022-03-15,3063.965,-0.05076813419921936
7632,2022-03-16,3170.71,0.03424570873739246
7633,2022-03-17,3215.045,0.013885816907213898
7634,2022-03-18,3251.072,0.011143433627001617
7635,2022-03-21,3253.686,0.0008037194129936221
7636,2022-03-22,3259.862,0.0018963556730758383
7637,2022-03-23,3271.033,0.0034209739689809123
7638,2022-03-24,3250.264,-0.006369613351422806
7639,2022-03-25,3212.24,-0.011767710717959592
7640,2022-03-28,3214.503,0.0007042447764071052
7641,2022-03-29,3203.939,-0.003291767547032721
7642,2022-03-30,3266.596,0.019367473798114612
7643,2022-03-31,3252.203,-0.004415851259812848
7644,2022-04-01,3282.717,0.009338820297490027
7645,2022-04-06,3283.426,0.00021595630882714724
7646,2022-04-07,3236.695,-0.014334642009063326
7647,2022-04-08,3251.85,0.004671317701690706
7648,2022-04-11,3167.126,-0.026399513109649022
7649,2022-04-12,3213.33,0.01448323055855945
7650,2022-04-13,3186.824,-0.008282973048046718
7651,2022-04-14,3225.641,0.012106880626206648
7652,2022-04-15,3211.245,-0.0044729777729041915
7653,2022-04-18,3195.524,-0.004907631772941207
7654,2022-04-19,3194.029,-0.0004679513660128916
7655,2022-04-20,3151.05,-0.013547398648047682
7656,2022-04-21,3079.808,-0.02286847324758948
7657,2022-04-22,3086.919,0.002306248728643838
7658,2022-04-25,2928.512,-0.05267906190849335
7659,2022-04-26,2886.426,-0.014475385594093159
7660,2022-04-27,2958.282,0.02458963582401418
7661,2022-04-28,2975.485,0.005798356490367487
7662,2022-04-29,3047.062,0.023770796759208613
7663,2022-05-05,3067.759,0.006769479936727233
7664,2022-05-06,3001.561,-0.021814840941452293
7665,2022-05-09,3004.141,0.0008591835421444769
7666,2022-05-10,3035.844,0.010497804596862035
7667,2022-05-11,3058.703,0.00750149508870363
7668,2022-05-12,3054.994,-0.0012133412745287304
7669,2022-05-13,3084.285,0.009542235254500745
7670,2022-05-16,3073.749,-0.0034218746699672623
7671,2022-05-17,3093.697,0.006468826662279403
7672,2022-05-18,3085.977,-0.0024985149754041705
7673,2022-05-19,3096.965,0.003554298768337446
7674,2022-05-20,3146.567,0.015889417590940133
7675,2022-05-23,3146.857,9.215968929002989e-05
7676,2022-05-24,3070.927,-0.024424706530707038
7677,2022-05-25,3107.464,0.011827489042876291
7678,2022-05-26,3123.108,0.0050217003752360085
7679,2022-05-27,3130.239,0.0022806996288690807
7680,2022-05-30,3149.061,0.005994953695801935
7681,2022-05-31,3186.427,0.011795913201595952
7682,2022-06-01,3182.157,-0.0013409576256975988
7683,2022-06-02,3195.458,0.004171157802672389
7684,2022-06-06,3236.372,0.012722522787137746
7685,2022-06-07,3241.764,0.0016646767666408835
7686,2022-06-08,3263.793,0.00677238988055756
7687,2022-06-09,3238.954,-0.007639577798963162
7688,2022-06-10,3284.834,0.014065679761074161
7689,2022-06-13,3255.551,-0.00895457856683031
7690,2022-06-14,3288.907,0.010193751366972929
7691,2022-06-15,3305.407,0.00500432173367385
7692,2022-06-16,3285.385,-0.006075768008630148
7693,2022-06-17,3316.786,0.00951239729419445
7694,2022-06-20,3315.43,-0.00040891310502999334
7695,2022-06-21,3306.719,-0.00263086953326264
7696,2022-06-22,3267.202,-0.012022497983357507
7697,2022-06-23,3320.149,0.016075700306436052
7698,2022-06-24,3349.747,0.008875159157542176
7699,2022-06-27,3379.185,0.00874973556248787
7700,2022-06-28,3409.21,0.008846036741729311
7701,2022-06-29,3361.518,-0.014087935236212856
7702,2022-06-30,3398.616,0.010975632262693328
7703,2022-07-01,3387.637,-0.003235661735194468
7704,2022-07-04,3405.427,0.005237707364529784
7705,2022-07-05,3404.025,-0.0004117805720080683
7706,2022-07-06,3355.35,-0.014402468094887166
7707,2022-07-07,3364.398,0.0026929597562385327
7708,2022-07-08,3356.078,-0.0024760163567546906
7709,2022-07-11,3313.584,-0.012742647227277198
7710,2022-07-12,3281.467,-0.009739804557882672
7711,2022-07-13,3284.292,0.0008605250891258117
7712,2022-07-14,3281.744,-0.0007761151866665726
7713,2022-07-15,3228.061,-0.016493341027785307
7714,2022-07-18,3278.103,0.015383254047434028
7715,2022-07-19,3279.431,0.000405030311136825
7716,2022-07-20,3304.724,0.007683028245261682
7717,2022-07-21,3272.001,-0.009951235618998053
7718,2022-07-22,3269.974,-0.0006196905567100779
7719,2022-07-25,3250.388,-0.006007659975961104
7720,2022-07-26,3277.436,0.008287035555241448
7721,2022-07-27,3275.755,-0.0005130325170959505
7722,2022-07-28,3282.576,0.0020801031419249148
7723,2022-07-29,3253.238,-0.008977671962471465
7724,2022-08-01,3259.959,0.0020638105635590476
7725,2022-08-02,3186.266,-0.022864920339743317
7726,2022-08-03,3163.674,-0.007115687809650341
7727,2022-08-04,3189.039,0.00798560702916198
7728,2022-08-05,3227.027,0.011841662446886971
7729,2022-08-08,3236.934,0.003065305547871042
7730,2022-08-09,3247.432,0.0032379446724632283
7731,2022-08-10,3230.02,-0.005376200993542549
7732,2022-08-11,3281.665,0.015862586384974516
7733,2022-08-12,3276.888,-0.001456724019688719
7734,2022-08-15,3276.087,-0.00024446911639040944
7735,2022-08-16,3277.885,0.0005486749241854143
7736,2022-08-17,3292.526,0.004456654000183485
7737,2022-08-18,3277.544,-0.0045606899070045216
7738,2022-08-19,3258.078,-0.0059569104707087
7739,2022-08-22,3277.794,0.0060331841884395596
7740,2022-08-23,3276.223,-0.00047940065766928795
7741,2022-08-24,3215.203,-0.018800737271834487
7742,2022-08-25,3246.248,0.009609370678790252
7743,2022-08-26,3236.223,-0.00309295883990047
7744,2022-08-29,3240.728,0.0013910868637040952
7745,2022-08-30,3227.22,-0.004176910401576667
7746,2022-08-31,3202.138,-0.007802373811825276
7747,2022-09-01,3184.98,-0.005372702139978115
7748,2022-09-02,3186.478,0.0004702220520332169
7749,2022-09-05,3199.912,0.0042070778059555
7750,2022-09-06,3243.447,0.01351334373686505
7751,2022-09-07,3246.294,0.0008773848394369074
7752,2022-09-08,3235.586,-0.0033039827151932193
7753,2022-09-09,3262.054,0.008147003034333876
7754,2022-09-13,3263.797,0.000534183217314477
7755,2022-09-14,3237.542,-0.008076841625824966
7756,2022-09-15,3199.919,-0.011688902929166712
7757,2022-09-16,3126.398,-0.023243953832600455
7758,2022-09-19,3115.602,-0.0034591511583350137
7759,2022-09-20,3122.406,0.0021814664868134597
7760,2022-09-21,3117.177,-0.001676073937671482
7761,2022-09-22,3108.91,-0.0026556021007715534
7762,2022-09-23,3088.37,-0.00662873880505094
7763,2022-09-26,3051.226,-0.012099966572440082
7764,2022-09-27,3093.862,0.013876671634530165
7765,2022-09-28,3045.067,-0.01589724449592418
7766,2022-09-29,3041.205,-0.0012690857452108129
7767,2022-09-30,3024.391,-0.005544069557955184
7768,2022-10-10,2974.145,-0.01675314616693314
7769,2022-10-11,2979.793,0.001897232283628211
7770,2022-10-12,3025.506,0.015224515204161834
7771,2022-10-13,3016.356,-0.0030288699064010237
7772,2022-10-14,3071.987,0.01827510319048465
7773,2022-10-17,3084.942,0.004208273026679982
7774,2022-10-18,3080.957,-0.001292593522808053
7775,2022-10-19,3044.378,-0.011943652007388327
7776,2022-10-20,3035.05,-0.003068712161783113
7777,2022-10-21,3038.929,0.0012772518730607787
7778,2022-10-24,2977.555,-0.02040265676430857
7779,2022-10-25,2976.283,-0.0004272874133803664
7780,2022-10-26,2999.504,0.007771735130003081
7781,2022-10-27,2982.903,-0.00554995426154312
7782,2022-10-28,2915.926,-0.022709550808847487
7783,2022-10-31,2893.483,-0.007726469818427814
7784,2022-11-01,2969.2,0.025831589484359083
7785,2022-11-02,3003.37,0.011442435273404635
7786,2022-11-03,2997.806,-0.0018543037545611255
7787,2022-11-04,3070.796,0.02405612359850116
7788,2022-11-07,3077.817,0.0022837680795842136
7789,2022-11-08,3064.493,-0.004338439739691841
7790,2022-11-09,3048.168,-0.00534138530280309
7791,2022-11-10,3036.132,-0.003956417566588003
7792,2022-11-11,3087.293,0.016710318322996423
7793,2022-11-14,3083.401,-0.0012614466107361143
7794,2022-11-15,3134.078,0.016301823384392254
7795,2022-11-16,3119.98,-0.004508440401318694
7796,2022-11-17,3115.435,-0.0014578021847510875
7797,2022-11-18,3097.243,-0.005856428417943183
7798,2022-11-21,3085.044,-0.003946441125321129
7799,2022-11-22,3088.943,0.0012630413761256511
7800,2022-11-23,3096.907,0.0025749102872580244
7801,2022-11-24,3089.31,-0.002456106476397188
7802,2022-11-25,3101.693,0.004000326445765749
7803,2022-11-28,3078.549,-0.00748970936409774
7804,2022-11-29,3149.748,0.02286406755229668
7805,2022-11-30,3151.335,0.0005037229420899146
7806,2022-12-01,3165.471,0.004475687110676825
7807,2022-12-02,3156.144,-0.002950830370981385
7808,2022-12-05,3211.814,0.017484857243055575
7809,2022-12-06,3212.533,0.00022383597990654192
7810,2022-12-07,3199.619,-0.004027982324939702
7811,2022-12-08,3197.35,-0.000709398496430337
7812,2022-12-09,3206.95,0.002997987973812809
7813,2022-12-12,3179.042,-0.008740436151376268
7814,2022-12-13,3176.326,-0.0008547105896442502
7815,2022-12-14,3176.525,6.264903743693095e-05
7816,2022-12-15,3168.648,-0.0024828335008218595
7817,2022-12-16,3167.858,-0.0002493487748904799
7818,2022-12-19,3107.115,-0.01936100679331724
7819,2022-12-20,3073.766,-0.010791123019194649
7820,2022-12-21,3068.411,-0.0017436818759180384
7821,2022-12-22,3054.431,-0.004566514796169314
7822,2022-12-23,3045.866,-0.0028080618461917544
7823,2022-12-26,3065.563,0.006445977921645488
7824,2022-12-27,3095.568,0.009740171801742727
7825,2022-12-28,3087.4,-0.002642098342258394
7826,2022-12-29,3073.702,-0.004446614443378517
7827,2022-12-30,3089.258,0.005048234301897773
7828,2023-01-03,3116.512,0.008783495108519354
7829,2023-01-04,3123.516,0.0022448626645054826
7830,2023-01-05,3155.216,0.010097666010088572
7831,2023-01-06,3157.637,0.0007670066509356588
7832,2023-01-09,3176.085,0.00582534319276966
7833,2023-01-10,3169.507,-0.002073250961052219
7834,2023-01-11,3161.838,-0.0024225512116691134
7835,2023-01-12,3163.451,0.000510016233238929
7836,2023-01-13,3195.306,0.01001933757982715
7837,2023-01-16,3227.592,0.010053490475969748
7838,2023-01-17,3224.245,-0.0010375340543313577
7839,2023-01-18,3224.406,4.9932923966059644e-05
7840,2023-01-19,3240.279,0.004910689971109043
7841,2023-01-20,3264.814,0.007543356056929998
7842,2023-01-30,3269.318,0.0013786072008778805
7843,2023-01-31,3255.669,-0.0041836159697458426
7844,2023-02-01,3284.921,0.008944818445096437
7845,2023-02-02,3285.671,0.0002282899328576762
7846,2023-02-03,3263.406,-0.006799457627606168
7847,2023-02-06,3238.698,-0.007600038058116808
7848,2023-02-07,3248.094,0.0028969655790584505
7849,2023-02-08,3232.106,-0.004934425616610532
7850,2023-02-09,3270.383,0.01177316628204174
7851,2023-02-10,3260.673,-0.00297348764253442
7852,2023-02-13,3284.16,0.007177295684964087
7853,2023-02-14,3293.283,0.0027740280988520875
7854,2023-02-15,3280.492,-0.0038915284268873766
7855,2023-02-16,3249.03,-0.009636920892501805
7856,2023-02-17,3224.024,-0.007726221469266851
7857,2023-02-20,3290.338,0.020360026277245473
7858,2023-02-21,3306.524,0.00490719147394789
7859,2023-02-22,3291.148,-0.004661046453176196
7860,2023-02-23,3287.477,-0.0011160388017351674
7861,2023-02-24,3267.16,-0.006199295267544846
7862,2023-02-27,3258.034,-0.0027971600385307545
7863,2023-02-28,3279.605,0.006599042339275986
7864,2023-03-01,3312.348,0.009934315152165396
7865,2023-03-02,3310.654,-0.0005115505134804159
7866,2023-03-03,3328.393,0.005343851975743299
7867,2023-03-06,3322.026,-0.001914767158368663
7868,2023-03-07,3285.099,-0.011178049302185553
7869,2023-03-08,3283.248,-0.0005636121383352837
7870,2023-03-09,3276.094,-0.002181317222565044
7871,2023-03-10,3230.077,-0.014145883148156612
7872,2023-03-13,3268.696,0.011885152658447567
7873,2023-03-14,3245.312,-0.007179635164141147
7874,2023-03-15,3263.315,0.005532056426985353
7875,2023-03-16,3226.891,-0.011224414883972408
7876,2023-03-17,3250.546,0.007303847234198514
7877,2023-03-20,3234.91,-0.004821875376339489
7878,2023-03-21,3255.651,0.006391148808311921
7879,2023-03-22,3265.748,0.00309657730439977
7880,2023-03-23,3286.649,0.006379671710839361
7881,2023-03-24,3265.654,-0.006408455729954019
7882,2023-03-27,3251.397,-0.004375298810384292
7883,2023-03-28,3245.376,-0.0018535361244144358
7884,2023-03-29,3240.057,-0.0016402917716025688
7885,2023-03-30,3261.249,0.006519328595778353
7886,2023-03-31,3272.86,0.003553969553079648
7887,2023-04-03,3296.396,0.007165530070444279
7888,2023-04-04,3312.558,0.0048909501316294806
7889,2023-04-06,3312.628,2.1131482196127203e-05
7890,2023-04-07,3327.646,0.004523315033733618
7891,2023-04-10,3315.358,-0.0036995353352296486
7892,2023-04-11,3313.571,-0.0005391519635489124
7893,2023-04-12,3327.182,0.004099239667449197
7894,2023-04-13,3318.364,-0.002653809085126175
7895,2023-04-14,3338.153,0.005945769626563182
7896,2023-04-17,3385.61,0.014116436904574954
7897,2023-04-18,3393.331,0.002277937907614124
7898,2023-04-19,3370.128,-0.006861308992430032
7899,2023-04-20,3367.031,-0.0009193786930505799
7900,2023-04-21,3301.258,-0.019727739194993276
7901,2023-04-24,3275.413,-0.007859639944125649
7902,2023-04-25,3264.872,-0.0032234097220757508
7903,2023-04-26,3264.101,-0.00023617803399818122
7904,2023-04-27,3285.884,0.006651337463254331
7905,2023-04-28,3323.275,0.011315024779791898
7906,2023-05-04,3350.459,0.008146608883046995
7907,2023-05-05,3334.503,-0.004773708601731159
7908,2023-05-08,3395.004,0.01798129643827597
7909,2023-05-09,3357.671,-0.011057360342828946
7910,2023-05-10,3319.151,-0.011538551536219604
7911,2023-05-11,3309.551,-0.0028964966932450344
7912,2023-05-12,3272.362,-0.011300482323266978
7913,2023-05-15,3310.737,0.011658774896849208
7914,2023-05-16,3290.987,-0.0059833034282155625
7915,2023-05-17,3284.232,-0.002054685137174198
7916,2023-05-18,3297.32,0.00397718266212633
7917,2023-05-19,3283.542,-0.00418729951527576
7918,2023-05-22,3296.47,0.0039294811726506874
7919,2023-05-23,3246.238,-0.015355411553585692
7920,2023-05-24,3204.749,-0.012863015241782037
7921,2023-05-25,3201.261,-0.0010889774897926735
7922,2023-05-26,3212.504,0.003505900673304514
7923,2023-05-29,3221.448,0.0027802525605661616
7924,2023-05-30,3224.213,0.00085794154225669
7925,2023-05-31,3204.564,-0.006112845782368891
7926,2023-06-01,3204.635,2.215565470909434e-05
7927,2023-06-02,3230.069,0.007905299903585274
7928,2023-06-05,3232.441,0.0007340801349683273
7929,2023-06-06,3195.34,-0.011544080927348209
7930,2023-06-07,3197.759,0.0007567535292169311
7931,2023-06-08,3213.586,0.004937195596171458
7932,2023-06-09,3231.406,0.005529889070705347
7933,2023-06-12,3228.834,-0.000796255289553381
7934,2023-06-13,3233.673,0.0014975615204330802
7935,2023-06-14,3228.989,-0.001449557727195026
7936,2023-06-15,3252.975,0.007400877105137195
7937,2023-06-16,3273.334,0.006239075116197745
7938,2023-06-19,3255.806,-0.0053691733086166
7939,2023-06-20,3240.365,-0.004753886275411134
7940,2023-06-21,3197.901,-0.013191320695644826
7941,2023-06-26,3150.619,-0.014895715615665168
7942,2023-06-27,3189.443,0.012247351931610998
7943,2023-06-28,3189.376,-2.1007023401156786e-05
7944,2023-06-29,3182.381,-0.002195627614208594
7945,2023-06-30,3202.062,0.006165318522357726
7946,2023-07-03,3243.975,0.013004452403076195
7947,2023-07-04,3245.349,0.0004234647616710114
7948,2023-07-05,3222.947,-0.0069267360584550535
7949,2023-07-06,3205.575,-0.005404676934167546
7950,2023-07-07,3196.609,-0.0028009210174653625
7951,2023-07-10,3203.696,0.002214582866423761
7952,2023-07-11,3221.367,0.005500660322340843
7953,2023-07-12,3196.134,-0.007863849194316368
7954,2023-07-13,3236.48,0.012544365035065968
7955,2023-07-14,3237.701,0.000377190571124293
7956,2023-07-17,3209.63,-0.008707844339631373
7957,2023-07-18,3197.82,-0.0036863380514633916
7958,2023-07-19,3198.836,0.00031766598314599307
7959,2023-07-20,3169.522,-0.009206205756696475
7960,2023-07-21,3167.745,-0.0005608095876576963
7961,2023-07-24,3164.161,-0.0011320447216836612
7962,2023-07-25,3231.521,0.021064990663227996
7963,2023-07-26,3223.028,-0.002631633876052436
7964,2023-07-27,3216.671,-0.0019743165216033025
7965,2023-07-28,3275.926,0.01825360338097353
7966,2023-07-31,3291.04,0.0046030470346060635
7967,2023-08-01,3290.949,-2.7651216070331945e-05
7968,2023-08-02,3261.69,-0.008930507070457025
7969,2023-08-03,3280.463,0.005739105009520212
7970,2023-08-04,3288.084,0.0023204533421494504
7971,2023-08-07,3268.831,-0.005872595674061708
7972,2023-08-08,3260.62,-0.0025150672937943887
7973,2023-08-09,3244.487,-0.004960113054649229
7974,2023-08-10,3254.56,0.003099841581686823
7975,2023-08-11,3189.248,-0.02027193754266066
7976,2023-08-14,3178.427,-0.0033987320070368314
7977,2023-08-15,3176.176,-0.0007084628557132453
7978,2023-08-16,3150.128,-0.008234870534028459
7979,2023-08-17,3163.739,0.004311469051945576
7980,2023-08-18,3131.953,-0.01009778435428263
7981,2023-08-21,3092.978,-0.012522390788062242
7982,2023-08-22,3120.334,0.008805666531661139
7983,2023-08-23,3078.402,-0.013529416196673614
7984,2023-08-24,3082.244,0.0012472719575445316
7985,2023-08-25,3064.075,-0.005912173749176771
7986,2023-08-28,3098.636,0.011216285277139883
7987,2023-08-29,3135.887,0.011950054012989562
7988,2023-08-30,3137.138,0.0003988506395508294
7989,2023-08-31,3119.876,-0.005517661873386891
7990,2023-09-01,3133.247,0.004276589594912858
7991,2023-09-04,3177.06,0.013886393813548177
7992,2023-09-05,3154.369,-0.007167764859801642
7993,2023-09-06,3158.077,0.0011748220662747525
7994,2023-09-07,3122.352,-0.011376734080840112
7995,2023-09-08,3116.719,-0.001805718040582691
7996,2023-09-11,3142.779,0.008326594422172071
7997,2023-09-12,3137.059,-0.001821703547724544
7998,2023-09-13,3123.067,-0.004470205008608144
7999,2023-09-14,3126.551,0.001114948261130853
8000,2023-09-15,3117.743,-0.002821137455017506
8001,2023-09-18,3125.932,0.0026231361163422087
8002,2023-09-19,3124.957,-0.00031195562996142807
8003,2023-09-20,3108.568,-0.005258353103051218
8004,2023-09-21,3084.701,-0.007707437913864421
8005,2023-09-22,3132.432,0.015354967574649271
8006,2023-09-25,3115.607,-0.005385702832047575
8007,2023-09-26,3102.273,-0.004288928200543855
8008,2023-09-27,3107.316,0.0016242624459413568
8009,2023-09-28,3110.475,0.0010161165828198645
8010,2023-10-09,3096.922,-0.00436673263724221
8011,2023-10-10,3075.236,-0.007027068729370027
8012,2023-10-11,3078.956,0.0012089322052580354
8013,2023-10-12,3107.901,0.009357000229976785
8014,2023-10-13,3088.099,-0.0063918874820966635
8015,2023-10-16,3073.813,-0.0046368807592611985
8016,2023-10-17,3083.496,0.0031452077465289065
8017,2023-10-18,3058.71,-0.00807075976958924
8018,2023-10-19,3005.393,-0.017584916985906147
8019,2023-10-20,2983.059,-0.007459057382653562
8020,2023-10-23,2939.291,-0.01478088827813355
8021,2023-10-24,2962.244,0.007778693420168325
8022,2023-10-25,2974.114,0.003999090290533028
8023,2023-10-26,2988.299,0.004758149682802138
8024,2023-10-27,3017.784,0.009818458009206981
8025,2023-10-30,3021.553,0.0012481504142933014
8026,2023-10-31,3018.771,-0.000921142705825398
8027,2023-11-01,3023.077,0.001425391942682657
8028,2023-11-02,3009.406,-0.004532469765410535
8029,2023-11-03,3030.798,0.007083234089524945
8030,2023-11-06,3058.411,0.00906954886235644
8031,2023-11-07,3057.27,-0.0003731391526924509
8032,2023-11-08,3052.373,-0.0016030399971542798
8033,2023-11-09,3053.279,0.0002967742041799563
8034,2023-11-10,3038.97,-0.0046974528821564785
8035,2023-11-13,3046.533,0.0024855805325390717
8036,2023-11-14,3056.07,0.0031255540509457624
8037,2023-11-15,3072.835,0.0054708114465383244
8038,2023-11-16,3050.926,-0.0071554371500890295
8039,2023-11-17,3054.366,0.00112689134738633
8040,2023-11-20,3068.319,0.004557812186828344
8041,2023-11-21,3067.933,-0.00012580969637793947
8042,2023-11-22,3043.611,-0.007959405480541333
8043,2023-11-23,3061.856,0.005976628588570638
8044,2023-11-24,3040.972,-0.006844066888114168
8045,2023-11-27,3031.7,-0.003053682861547519
8046,2023-11-28,3038.555,0.0022585551723895247
8047,2023-11-29,3021.687,-0.005566788771925228
8048,2023-11-30,3029.673,0.002639408211109144
8049,2023-12-01,3031.636,0.0006477148974353001
8050,2023-12-04,3022.914,-0.002881140971145064
8051,2023-12-05,2972.296,-0.016886548703989757
8052,2023-12-06,2968.933,-0.0011320891213502976
8053,2023-12-07,2966.206,-0.0009189338924997998
8054,2023-12-08,2969.559,0.0011297618273758436
8055,2023-12-11,2991.439,0.007341085590751311
8056,2023-12-12,3003.438,0.004003089979457348
8057,2023-12-13,2968.761,-0.011612938454257926
8058,2023-12-14,2958.986,-0.003298051978379303
8059,2023-12-15,2942.557,-0.005567710831131966
8060,2023-12-18,2930.804,-0.004002143129788458
8061,2023-12-19,2932.391,0.0005413430864080757
8062,2023-12-20,2902.11,-0.010380072567415058
8063,2023-12-21,2918.715,0.005705392291682139
8064,2023-12-22,2914.775,-0.0013508210690737544
8065,2023-12-25,2918.813,0.0013843969251584034
8066,2023-12-26,2898.879,-0.006852916246653831
8067,2023-12-27,2914.614,0.005413281971563461
8068,2023-12-28,2954.704,0.01366108412657646
8069,2023-12-29,2974.935,0.00682371338335602
8070,2024-01-02,2962.276,-0.004264298231223879
8071,2024-01-03,2967.247,0.001676695128624491
8072,2024-01-04,2954.349,-0.0043562648978932115
8073,2024-01-05,2929.183,-0.008554777463372118
8074,2024-01-08,2887.538,-0.014319308621067572
8075,2024-01-09,2893.251,0.0019765474435874046
8076,2024-01-10,2877.702,-0.0053887244018187746
8077,2024-01-11,2886.65,0.0031046012412648035
8078,2024-01-12,2881.977,-0.0016201432410748926
8079,2024-01-15,2886.291,0.001495769892910402
8080,2024-01-16,2893.989,0.0026635403652028817
8081,2024-01-17,2833.615,-0.021082545582704584
8082,2024-01-18,2845.784,0.004285319141191083
8083,2024-01-19,2832.279,-0.004756912864885963
8084,2024-01-22,2756.34,-0.02717797518700591
8085,2024-01-23,2770.976,0.005295891969024616
8086,2024-01-24,2820.772,0.017811001639981054
8087,2024-01-25,2906.109,0.0298044666974019
8088,2024-01-26,2910.223,0.0014146375021501655
8089,2024-01-29,2883.356,-0.009274817033246719
8090,2024-01-30,2830.527,-0.01849198011665747
8091,2024-01-31,2788.548,-0.014941883144802708
8092,2024-02-01,2770.74,-0.006406597718984174
8093,2024-02-02,2730.152,-0.014757147233407809
8094,2024-02-05,2702.185,-0.010296580306780285
8095,2024-02-06,2789.486,0.03179664447445195
8096,2024-02-07,2829.696,0.01431193592017748
8097,2024-02-08,2865.903,0.012714198362519174
8098,2024-02-19,2910.544,0.015456521539786099
8099,2024-02-20,2922.73,0.004178105718037383
8100,2024-02-21,2950.956,0.009611074638917534
8101,2024-02-22,2988.358,0.01259488702757244
8102,2024-02-23,3004.881,0.005513893860201902
8103,2024-02-26,2977.022,-0.009314494541230223
8104,2024-02-27,3015.481,0.012835881113491288
8105,2024-02-28,2957.852,-0.019296023879498372
8106,2024-02-29,3015.171,0.01919321575849473
8107,2024-03-01,3027.02,0.003922092230860314
8108,2024-03-04,3039.306,0.0040505626628335135
8109,2024-03-05,3047.793,0.0027885222499170964
8110,2024-03-06,3039.931,-0.0025829043402345975
8111,2024-03-07,3027.401,-0.004130322129403812
8112,2024-03-08,3046.019,0.006130996479571589
8113,2024-03-11,3068.455,0.007338685451355637
8114,2024-03-12,3055.935,-0.004088576149079291
8115,2024-03-13,3043.835,-0.003967367907698382
8116,2024-03-14,3038.234,-0.001841807971378088
8117,2024-03-15,3054.636,0.0053840110231022096
8118,2024-03-18,3084.926,0.009867233447031927
8119,2024-03-19,3062.756,-0.007212505821644796
8120,2024-03-20,3079.686,0.005512479522502095
8121,2024-03-21,3077.113,-0.000835823988989169
8122,2024-03-22,3048.034,-0.00949502712966214
8123,2024-03-25,3026.306,-0.007154058768804263
8124,2024-03-26,3031.481,0.0017085451366558534
8125,2024-03-27,2993.139,-0.01272860949620614
8126,2024-03-28,3010.664,0.005837982949793077
8127,2024-03-29,3041.167,0.010080670894129295
8128,2024-04-01,3077.379,0.011836937342172612
8129,2024-04-02,3074.959,-0.0007866928393104583
8130,2024-04-03,3069.296,-0.0018433484949897016
8131,2024-04-08,3047.053,-0.007273325330784696
8132,2024-04-09,3048.537,0.00048690939821043565
8133,2024-04-10,3027.335,-0.006979108861667348
8134,2024-04-11,3034.246,0.002280264173501616
8135,2024-04-12,3019.474,-0.004880314688917158
8136,2024-04-15,3057.378,0.012475041870856527
8137,2024-04-16,3007.068,-0.016592168250868226
8138,2024-04-17,3071.381,0.021161779934665042
8139,2024-04-18,3074.225,0.0009255393863581686
8140,2024-04-19,3065.261,-0.002920116234397105
8141,2024-04-22,3044.595,-0.006764833348413489
8142,2024-04-23,3021.978,-0.007456303512818402
8143,2024-04-24,3044.822,0.007530859090176769
8144,2024-04-25,3052.9,0.002649515581584159
8145,2024-04-26,3088.636,0.011637610956447308
8146,2024-04-29,3113.043,0.007871134900951244
8147,2024-04-30,3104.825,-0.002643351317570577
8148,2024-05-06,3140.72,0.011494719909555431
8149,2024-05-07,3147.738,0.002232026647424894
8150,2024-05-08,3128.48,-0.006136836049735505
8151,2024-05-09,3154.32,0.008225678263897685
8152,2024-05-10,3154.547,7.196220814224714e-05
8153,2024-05-13,3148.021,-0.0020709026328010454
8154,2024-05-14,3145.774,-0.0007140366330550444
8155,2024-05-15,3119.902,-0.008258373730343256
8156,2024-05-16,3122.401,0.0008006660790102239
8157,2024-05-17,3154.026,0.010077474856507692
8158,2024-05-20,3171.145,0.005412989403612711
8159,2024-05-21,3157.966,-0.0041645719430954825
8160,2024-05-22,3158.54,0.0001817460480778385
8161,2024-05-23,3116.387,-0.013435577529828588
8162,2024-05-24,3088.871,-0.00886866600925717
8163,2024-05-27,3124.043,0.011322344310624882
8164,2024-05-28,3109.572,-0.00464290014553656
8165,2024-05-29,3111.018,0.00046490767790352485
8166,2024-05-30,3091.678,-0.00623601823282305
8167,2024-05-31,3086.813,-0.001574818513276041
8168,2024-06-03,3078.489,-0.0027002748795952
8169,2024-06-04,3091.199,0.004120149343051687
8170,2024-06-05,3065.403,-0.008379996289752605
8171,2024-06-06,3048.794,-0.0054329426591201236
8172,2024-06-07,3051.279,0.000814744393210852
8173,2024-06-11,3028.045,-0.007643650222024624
8174,2024-06-12,3037.468,0.0031070768723912598
8175,2024-06-13,3028.919,-0.0028184834430541985
8176,2024-06-14,3032.633,0.0012254288884327117
8177,2024-06-17,3015.891,-0.005535910168059533
8178,2024-06-18,3030.246,0.004748495435444065
8179,2024-06-19,3018.049,-0.004033208212830324
8180,2024-06-20,3005.437,-0.004187614424753788
8181,2024-06-21,2998.138,-0.00243155239877758
8182,2024-06-24,2963.099,-0.011755749192545054
8183,2024-06-25,2949.996,-0.004431865697000235
8184,2024-06-26,2972.525,0.007607945557758446
8185,2024-06-27,2945.852,-0.00901368080819591
8186,2024-06-28,2967.403,0.007289080351925092
8187,2024-07-01,2994.73,0.009166917733123704
8188,2024-07-02,2997.011,0.0007613814115768562
8189,2024-07-03,2982.376,-0.004895160398338529
8190,2024-07-04,2957.567,-0.008353327383846879
8191,2024-07-05,2949.933,-0.0025845126532054166
8192,2024-07-08,2922.45,-0.009360152651534576
8193,2024-07-09,2959.372,0.012554778086362552
8194,2024-07-10,2939.364,-0.006783852246212333
8195,2024-07-11,2970.387,0.010499015938189814
8196,2024-07-12,2971.295,0.00030563736230518855
8197,2024-07-15,2974.011,0.0009136620348686123
8198,2024-07-16,2976.304,0.0007707155380862223
8199,2024-07-17,2962.855,-0.0045289317857783035
8200,2024-07-18,2977.133,0.004807426378181944
8201,2024-07-19,2982.309,0.001737075820695842
8202,2024-07-22,2964.216,-0.006085253432017772
8203,2024-07-23,2915.369,-0.01661618086057887
8204,2024-07-24,2901.952,-0.004612784403790841
8205,2024-07-25,2886.742,-0.005255083444776926
8206,2024-07-26,2890.897,0.0014383040256733814
8207,2024-07-29,2891.845,0.00032787214386966704
8208,2024-07-30,2879.3,-0.004347497683436453
8209,2024-07-31,2938.749,0.02043677154184228
8210,2024-08-01,2932.387,-0.0021672134626395307
8211,2024-08-02,2905.338,-0.009267032474344171
8212,2024-08-05,2860.698,-0.015484083655359051
8213,2024-08-06,2867.284,0.0022995892453192657
8214,2024-08-07,2869.834,0.000888948133164802
8215,2024-08-08,2869.901,2.3346025557966066e-05
8216,2024-08-09,2862.194,-0.0026890708001784972
8217,2024-08-12,2858.205,-0.001394658186107024
8218,2024-08-13,2867.946,0.003402288691466836
8219,2024-08-14,2850.654,-0.006047652468522538
8220,2024-08-15,2877.358,0.00932407036381571
8221,2024-08-16,2879.43,0.0007198458895731546
8222,2024-08-19,2893.674,0.004934617115495635
8223,2024-08-20,2866.661,-0.00937903716338277
8224,2024-08-21,2856.584,-0.003521432478709773
8225,2024-08-22,2848.772,-0.0027384811331773134
8226,2024-08-23,2854.368,0.001962428345054846
8227,2024-08-26,2855.52,0.00040351054718797873
8228,2024-08-27,2848.731,-0.0023803311619792853
8229,2024-08-28,2837.429,-0.003975271495555645
8230,2024-08-29,2823.106,-0.0050606631945667386
8231,2024-08-30,2842.214,0.006745628651759732
8232,2024-09-02,2811.035,-0.011030582993322621
8233,2024-09-03,2802.979,-0.0028699627502038207
8234,2024-09-04,2784.278,-0.006694186372998396
8235,2024-09-05,2788.314,0.0014485182858160533
8236,2024-09-06,2765.807,-0.00810465713600148
8237,2024-09-09,2736.488,-0.010657108529825416
8238,2024-09-10,2744.192,0.002811331832583546
8239,2024-09-11,2721.795,-0.008195089138500911
8240,2024-09-12,2717.123,-0.0017179891842871366
8241,2024-09-13,2704.09,-0.004808158288000896
8242,2024-09-18,2717.281,0.004866306338843008
8243,2024-09-19,2736.022,0.00687329267431975
8244,2024-09-20,2736.814,0.00028942946784035615
8245,2024-09-23,2748.918,0.004412909577988067
8246,2024-09-24,2863.126,0.04070665521805057
8247,2024-09-25,2896.306,0.01152209699742835
8248,2024-09-26,3000.953,0.03549377296444825
8249,2024-09-27,3087.529,0.028441189733131124
8250,2024-09-30,3336.497,0.07755035959277351
8251,2024-10-08,3489.775,0.04491581000671295
8252,2024-10-09,3258.858,-0.06846043696361347
8253,2024-10-10,3301.926,0.013129107328199796
8254,2024-10-11,3217.738,-0.025827306360173195
8255,2024-10-14,3284.323,0.020481914190970778
8256,2024-10-15,3201.292,-0.025606064096823315
8257,2024-10-16,3202.948,0.0005171573947599026
8258,2024-10-17,3169.384,-0.01053438847563476
8259,2024-10-18,3261.563,0.028669281093271968
8260,2024-10-21,3268.11,0.0020053078290235907
8261,2024-10-22,3285.867,0.005418707892622401
8262,2024-10-23,3302.803,0.005140957826311935
8263,2024-10-24,3280.263,-0.006847899772534461
8264,2024-10-25,3299.7,0.0059079531406409334
8265,2024-10-28,3322.198,0.0067950568148989485
8266,2024-10-29,3286.407,-0.010831741323845854
8267,2024-10-30,3266.238,-0.006156006832162644
8268,2024-10-31,3279.824,0.004150898511862374
8269,2024-11-01,3272.014,-0.002384064959842944
8270,2024-11-04,3310.207,0.011605027737964102
8271,2024-11-05,3386.987,0.02293001042545014
8272,2024-11-06,3383.806,-0.0009396241279389951
8273,2024-11-07,3470.661,0.025343954235984154
8274,2024-11-08,3452.297,-0.005305259131254805
8275,2024-11-11,3470.066,0.005133807350639262
8276,2024-11-12,3421.97,-0.013957205322263359
8277,2024-11-13,3439.278,0.005045157007172263
8278,2024-11-14,3379.839,-0.01743349041136731
8279,2024-11-15,3330.726,-0.014637776976442732
8280,2024-11-18,3323.849,-0.0020668494826898073
8281,2024-11-19,3346.01,0.00664514243811606
8282,2024-11-20,3367.989,0.00654723913817042
8283,2024-11-21,3370.404,0.0007167881432262482
8284,2024-11-22,3267.192,-0.03110171807933095
